{
  "walk": {
    "median_dominant": 1.896893486419434,
    "std_across_individuals": 0.3225306943601411,
    "min_dur": 11.583565000000002,
    "individuals": {
      "Sora": 2.208860759493671,
      "Shota": 1.9240506329113924,
      "Ruki": 1.9240506329113924,
      "Nori": 1.981012658227848
    }
  },
  "run": {
    "median_dominant": 3.059999363908139,
    "std_across_individuals": 0.10601471979327758,
    "min_dur": 18.217031000000002,
    "individuals": {
      "Sora": 3.120253164556962,
      "Shota": 3.120253164556962,
      "Ruki": 2.892405063291139,
      "Nori": 3.120253164556962
    }
  },
  "skip": {
    "median_dominant": 2.1809880096686007,
    "std_across_individuals": 0.08087660100685767,
    "min_dur": 17.083675000000003,
    "individuals": {
      "Sora": 1.7531645569620253,
      "Shota": 1.6392405063291138,
      "Ruki": 1.5253164556962024,
      "Nori": 1.6392405063291138
    }
  }
}